officename,pincode,regionname,,Taluk,Districtname,,longitude,latitude
A F Station Yelahanka S.O,560063,Bangalore HQ,,Bangalore North,Bangalore,,NA,NA
Agram S.O,560007,Bangalore HQ,,Bangalore South,Bangalore,,NA,NA
Air Force Hospital S.O,560007,Bangalore HQ,,Bangalore North,Bangalore,,NA,NA
Amruthahalli B.O,560092,Bangalore HQ,,Bangalore North,Bangalore,,NA,NA
Anandnagar S.O (Bangalore),560024,Bangalore HQ,,Bangalore North,Bangalore,,NA,NA
Arabic College S.O,560045,Bangalore HQ,,Bangalore North,Bangalore,,77.6206,13.0291
Attur B.O,560064,Bangalore HQ,,Bangalore North,Bangalore,,NA,NA
Austin Town S.O,560047,Bangalore HQ,,Bangalore North,Bangalore,,NA,NA
Banaswadi S.O,560043,Bangalore HQ,,Bangalore North,Bangalore,,NA,NA
Bangalore Bazaar S.O,560001,Bangalore HQ,,Bangalore North,Bangalore,,NA,NA
Bangalore International Airport S.O,560300,Bangalore HQ,,NA,Bangalore,,NA,NA
Bangalore Sub Foreign Post S.O,560025,Bangalore HQ,,NA,Bangalore,,NA,NA
Bellandur S.O,560103,Bangalore HQ,,Bangalore South,Bangalore,,77.676,12.9298
Benson Town S.O,560046,Bangalore HQ,,Bangalore North,Bangalore,,NA,NA
Bhattarahalli S.O,560049,Bangalore HQ,,Bangalore North,Bangalore,,NA,NA
Bidrahalli B.O,560049,Bangalore HQ,,Bangalore South,Bangalore,,NA,NA
BSF Campus Yelahanka S.O,560063,Bangalore HQ,,Bangalore North,Bangalore,,NA,NA
Byatarayanapura B.O,560092,Bangalore HQ,,Bangalore North,Bangalore,,NA,NA
C.V.Raman Nagar S.O,560093,Bangalore HQ,,Bangalore North,Bangalore,,NA,NA
CMM Court Complex S.O,560001,Bangalore HQ,,Bangalore,Bangalore,,NA,NA
CMP Centre And School S.O,560025,Bangalore HQ,,Bangalore North,Bangalore,,NA,NA
CRPF Campus Yelahanka S.O,560064,Bangalore HQ,,Bangalore North,Bangalore,,NA,NA
Devanagundi B.O,560067,Bangalore HQ,,Bangalore South,Bangalore,,NA,NA
Devasandra S.O,560036,Bangalore HQ,,Bangalore North,Bangalore,,NA,NA
Doddagubbi B.O,560077,Bangalore HQ,,Bangalore North,Bangalore,,NA,NA
Doddanekkundi B.O,560037,Bangalore HQ,,Bangalore North,Bangalore,,NA,NA
Domlur S.O,560071,Bangalore HQ,,Bangalore North,Bangalore,,77.6359,12.9611
Doorvaninagar S.O,560016,Bangalore HQ,,Bangalore North,Bangalore,,NA,NA
Dr. Ambedkar Veedhi S.O,560001,Bangalore HQ,,Bangalore North,Bangalore,,NA,NA
Dr. Shivarama Karanth Nagar S.O,560077,Bangalore HQ,,Bangalore North,Bangalore,,77.6293,13.0681
EPIP S.O,560066,Bangalore HQ,,Bangalore,Bangalore,,NA,NA
Fraser Town S.O,560005,Bangalore HQ,,Bangalore North,Bangalore,,77.6164,13.0005
G.K.V.K. S.O,560065,Bangalore HQ,,Bangalore North,Bangalore,,77.5784,13.0781
Gunjur B.O,560087,Bangalore HQ,,Bangalore North,Bangalore,,NA,NA
H.A. Farm S.O,560024,Bangalore HQ,,Bangalore North,Bangalore,,NA,NA
H.A.L II Stage H.O,560008,Bangalore HQ,,Bangalore North,Bangalore,,77.6427,12.9686
H.K.P. Road S.O,560051,Bangalore HQ,,Bangalore North,Bangalore,,NA,NA
Hebbal Kempapura S.O,560024,Bangalore HQ,,Bangalore North,Bangalore,,NA,NA
HighCourt S.O,560001,Bangalore HQ,,Bangalore North,Bangalore,,77.5915,12.9773
Hoodi B.O,560048,Bangalore HQ,,Bangalore North,Bangalore,,NA,NA
Horamavu B.O,560043,Bangalore HQ,,Bangalore North,Bangalore,,NA,NA
Hulsur Bazaar S.O,560008,Bangalore HQ,,Bangalore North,Bangalore,,NA,NA
Indiranagar S.O (Bangalore),560038,Bangalore HQ,,Bangalore North,Bangalore,,NA,NA
ISRO Anthariksha Bhavan S.O,560094,Bangalore HQ,,Bangalore North,Bangalore,,NA,NA
J.C.Nagar S.O,560006,Bangalore HQ,,Bangalore North,Bangalore,,NA,NA
Jakkur B.O,560064,Bangalore HQ,,Bangalore North,Bangalore,,NA,NA
Jalavayuvihar S.O,560043,Bangalore HQ,,Bangalore North,Bangalore,,NA,NA
Jayamahal Road S.O,560046,Bangalore HQ,,NA,NULL,,NA,NA
Jeevanbhimanagar S.O,560075,Bangalore HQ,,Bangalore North,Bangalore,,77.6535,12.9695
Kadugodi Extention SO,560067,Bangalore HQ,,Banglore,Bangalore,,NA,NA
Kadugodi S.O,560067,Bangalore HQ,,Bangalore South,Bangalore,,NA,NA
Kalkunte B.O,560067,Bangalore HQ,,Hosakote,Bangalore Rural,,NA,NA
Kalyananagar S.O,560043,Bangalore HQ,,Bangalore North,Bangalore,,NA,NA
Kannamangala B.O,560067,Bangalore HQ,,Bangalore South,Bangalore,,NA,NA
Kodigehalli B.O,560092,Bangalore HQ,,Bangalore North,Bangalore,,NA,NA
Kothanur S.O,560077,Bangalore HQ,,Bangalore North,Bangalore,,77.6478,13.0614
Krishnarajapuram R S S.O,560016,Bangalore HQ,,Bangalore North,Bangalore,,NA,NA
Krishnarajapuram S.O,560036,Bangalore HQ,,Bangalore North,Bangalore,,NA,NA
Kundalahalli S.O,560037,Bangalore HQ,,Bangalore North,Bangalore,,NA,NA
Legislators Home S.O,560001,Bangalore HQ,,Bangalore North,Bangalore,,NA,NA
Lingarajapuram S.O,560084,Bangalore HQ,,Bangalore North,Bangalore,,NA,NA
Mahadevapura S.O,560048,Bangalore HQ,,Bangalore North,Bangalore,,NA,NA
Mahatma Gandhi Road S.O,560001,Bangalore HQ,,Bangalore North,Bangalore,,77.61,12.9739
Marathahalli Colony S.O,560037,Bangalore HQ,,Bangalore North,Bangalore,,77.688,12.9559
Maruthi Sevanagar S.O,560033,Bangalore HQ,,Bangalore North,Bangalore,,NA,NA
Medimallasandra B.O,560067,Bangalore HQ,,Bangalore South,Bangalore,,NA,NA
Mundur B.O,560049,Bangalore HQ,,Bangalore South,Bangalore,,NA,NA
Museum Road S.O,560025,Bangalore HQ,,Bangalore North,Bangalore,,NA,NA
Muthusandra B.O,560087,Bangalore HQ,,Bangalore South,Bangalore,,NA,NA
Naduvathi B.O,560067,Bangalore HQ,,Hosakote,Bangalore Rural,,NA,NA
NAL S.O,560017,Bangalore HQ,,Bangalore North,Bangalore,,77.6502,12.9596
New Thippasandra S.O,560075,Bangalore HQ,,Bangalore North,Bangalore,,77.6572,12.9716
P&T Col. Kavalbyrasandra S.O,560032,Bangalore HQ,,Bangalore North,Bangalore,,NA,NA
Panathur B.O,560103,Bangalore HQ,,Bangalore South,Bangalore,,NA,NA
R T Nagar H.O,560032,Bangalore HQ,,Bangalore North,Bangalore,,NA,NA
R.M.V. Extension II Stage S.O,560094,Bangalore HQ,,Bangalore North,Bangalore,,NA,NA
Rajanakunte B.O,560064,Bangalore HQ,,Bangalore North,Bangalore,,NA,NA
Rajbhavan S.O (Bangalore),560001,Bangalore HQ,,Bangalore North,Bangalore,,NA,NA
Ramamurthy Nagar S.O,560016,Bangalore HQ,,Bangalore North,Bangalore,,NA,NA
Rameshnagar S.O,560037,Bangalore HQ,,Bangalore North,Bangalore,,NA,NA
Richmond Town S.O,560025,Bangalore HQ,,Bangalore North,Bangalore,,NA,NA
Sadashivanagar S.O,560080,Bangalore HQ,,Bangalore North,Bangalore,,77.5772,13.0094
Sahakaranagar P.O S.O,560092,Bangalore HQ,,Bangalore North,Bangalore,,77.588,13.0621
Samethanahalli B.O,560067,Bangalore HQ,,Hosakote,Bangalore Rural,,NA,NA
Singanayakanahalli B.O,560064,Bangalore HQ,,Bangalore North,Bangalore,,NA,NA
Sivan Chetty Gardens S.O,560042,Bangalore HQ,,Bangalore North,Bangalore,,NA,NA
St. Thomas Town S.O,560084,Bangalore HQ,,Bangalore North,Bangalore,,NA,NA
Training Command IAF S.O,560006,Bangalore HQ,,Bangalore North,Bangalore,,NA,NA
Vartur S.O,560087,Bangalore HQ,,Bangalore South,Bangalore,,NA,NA
Vasanthanagar S.O,560001,Bangalore HQ,,NA,Bangalore,,NA,NA
Venkateshapura S.O,560045,Bangalore HQ,,Bangalore North,Bangalore,,NA,NA
Vidhana Soudha S.O,560001,Bangalore HQ,,Bangalore North,Bangalore,,NA,NA
Vimanapura S.O,560017,Bangalore HQ,,Bangalore North,Bangalore,,77.6679,12.9585
Virgonagar S.O,560049,Bangalore HQ,,Bangalore North,Bangalore,,NA,NA
Viveknagar S.O (Bangalore),560047,Bangalore HQ,,Bangalore South,Bangalore,,NA,NA
Whitefield S.O,560066,Bangalore HQ,,Bangalore South,Bangalore,,NA,NA
Yelahanka S.O,560064,Bangalore HQ,,Bangalore North,Bangalore,,77.5975,13.0958
Yelahanka Satellite Town S.O,560064,Bangalore HQ,,NA,Bangalore,,77.58,13.0946
Bangalore G.P.O.,560001,Bangalore HQ,,Bangalore North,Bangalore,,77.5955,12.9814
Adugodi S.O,560030,Bangalore HQ,,Bangalore South,Bangalore,,NA,NA
Agara B.O,560034,Bangalore HQ,,Bangalore South,Bangalore,,NA,NA
Anjanapura S.O,560108,Bangalore HQ,,Bangalore,Bangalore,,NA,NA
Ashoknagar S.O (Bangalore),560050,Bangalore HQ,,Bangalore South,Bangalore,,77.5645,12.9377
B Sk II Stage S.O,560070,Bangalore HQ,,Bangalore South,Bangalore,,77.5695,12.9265
Banashankari III Stage S.O,560085,Bangalore HQ,,Bangalore South,Bangalore,,NA,NA
Banashankari S.O,560050,Bangalore HQ,,Bangalore South,Bangalore,,NA,NA
Bangalore Corporation Building S.O,560002,Bangalore HQ,,Bangalore South,Bangalore,,NA,NA
Bannerghatta Road S.O,560076,Bangalore HQ,,Bangalore South,Bangalore,,77.5997,12.8976
Bannerghatta S.O,560083,Bangalore HQ,,Bangalore South,Bangalore,,NA,NA
Basavanagudi H.O,560004,Bangalore HQ,,Bangalore South,Bangalore,,77.5741,12.9446
Begur B.O,560068,Bangalore HQ,,Bangalore South,Bangalore,,NA,NA
Bnagalore Viswavidalaya S.O,560056,Bangalore HQ,,Bangalore South,Bangalore,,NA,NA
Bolare B.O,560082,Bangalore HQ,,Bangalore South,Bangalore,,NA,NA
Bommanahalli S.O (Bangalore),560068,Bangalore HQ,,Bangalore South,Bangalore,,77.6311,12.9068
Bommasandra Industrial Estate S.O,560099,Bangalore HQ,,Bangalore South,Bangalore,,77.6878,12.8203
Carmelram S.O,560035,Bangalore HQ,,Bangalore South,Bangalore,,77.6937,12.9078
Chamrajpet S.O (Bangalore),560018,Bangalore HQ,,Bangalore South,Bangalore,,NA,NA
Chandapura B.O,560099,Bangalore HQ,,Bangalore South,Bangalore,,NA,NA
Chandapura S.O,560081,Bangalore HQ,,Bangalore,Bangalore,,77.7041,12.8016
Chickpet S.O,560053,Bangalore HQ,,Bangalore South,Bangalore,,NA,NA
Chikkalasandra S.O,560061,Bangalore HQ,,Bangalore South,Bangalore,,NA,NA
Chudenapura B.O,560060,Bangalore HQ,,Bangalore South,Bangalore,,NA,NA
Dasarahalli(Srinagar) S.O,560050,Bangalore HQ,,Bangalore South,Bangalore,,NA,NA
Deepanjalinagar S.O,560026,Bangalore HQ,,Bangalore South,Bangalore,,NA,NA
Dharmaram College S.O,560029,Bangalore HQ,,Bangalore South,Bangalore,,77.5684,12.9352
Doddakallasandra S.O,560062,Bangalore HQ,,Bangalore South,Bangalore,,NA,NA
Electronics City S.O,560100,Bangalore HQ,,Bangalore South,Bangalore,,77.6626,12.84
Gaviopuram Extension S.O,560019,Bangalore HQ,,Bangalore South,Bangalore,,NA,NA
Girinagar S.O (Bangalore),560085,Bangalore HQ,,Bangalore South,Bangalore,,NA,NA
Gottigere S.O,560083,Bangalore HQ,,Bangalore South,Bangalore,,77.5883,12.8564
Governmemnt Electric Factory S.O,560026,Bangalore HQ,,Bangalore South,Bangalore,,NA,NA
Haragadde B.O,560105,Bangalore HQ,,Anekal,Bangalore,,NA,NA
Hennagara B.O,560105,Bangalore HQ,,Anekal,Bangalore,,NA,NA
HSR Layout S.O,560102,Bangalore HQ,,Bangalore South,Bangalore,,77.6382,12.9152
Hulimangala B.O,560105,Bangalore HQ,,Anekal,Bangalore,,NA,NA
Hulimavu B.O,560076,Bangalore HQ,,Bangalore South,Bangalore,,NA,NA
Hulimavu S.O,560076,Bangalore HQ,,Bangalore,Bangalore,,77.6022,12.885
Huskur B.O,560099,Bangalore HQ,,Bangalore South,Bangalore Rural,,NA,NA
J P Nagar S.O,560078,Bangalore HQ,,Bangalore South,Bangalore,,77.5868,12.9119
Jayanagar H.O,560041,Bangalore HQ,,Bangalore South,Bangalore,,77.586,12.9237
Jayanagar West S.O,560070,Bangalore HQ,,Bangalore South,Bangalore,,NA,NA
Jayangar III Block S.O,560011,Bangalore HQ,,Bangalore South,Bangalore,,77.5835,12.9304
Jigani S.O,560105,Bangalore HQ,,Anekal,Bangalore,,NA,NA
JP Nagar III Phase S.O,560078,Bangalore HQ,,Bangalore South,Bangalore,,77.5976,12.9139
JP Nagar VIII phase S.O,560076,Bangalore HQ,,Bangalore South,Bangalore,,NA,NA
Kagalipura B.O,560082,Bangalore HQ,,Bangalore South,Bangalore Rural,,NA,NA
Kalkere B.O,560083,Bangalore HQ,,Bangalore South,Bangalore Rural,,NA,NA
Kallubalu B.O,560105,Bangalore HQ,,Anekal,Bangalore,,NA,NA
Kathriguppe S.O,560085,Bangalore HQ,,Bangalore South,Bangalore,,NA,NA
Kengeri S.O,560060,Bangalore HQ,,Bangalore South,Bangalore Rural,,NA,NA
Konanakunte S.O,560062,Bangalore HQ,,Bangalore,Bangalore,,NA,NA
Koramangala I Block S.O,560034,Bangalore HQ,,Bangalore South,Bangalore,,NA,NA
Koramangala S.O,560034,Bangalore HQ,,Bangalore South,Bangalore,,NA,NA
Koramangala VI Bk S.O,560095,Bangalore HQ,,Bangalore South,Bangalore,,77.6186,12.9384
Kumaraswamy Layout S.O,560078,Bangalore HQ,,Bangalore South,Bangalore,,NA,NA
Kumbalagodu S.O,560074,Bangalore HQ,,Bangalore South,Bangalore,,NA,NA
Kumbalgodu Gollahalli B.O,560074,Bangalore HQ,,Bangalore South,Bangalore,,NA,NA
Madhavan Park S.O,560011,Bangalore HQ,,Bangalore South,Bangalore,,NA,NA
Madivala S.O,560068,Bangalore HQ,,Bangalore South,Bangalore,,NA,NA
Mallathahalli B.O,560056,Bangalore HQ,,Bangalore South,Bangalore,,NA,NA
Mavalli S.O,560004,Bangalore HQ,,Bangalore South,Bangalore,,NA,NA
Mico Layout S.O,560076,Bangalore HQ,,Bangalore South,Bangalore,,77.6099,12.9103
Mount St Joseph B.O,560076,Bangalore HQ,,Bangalore South,Bangalore,,NA,NA
Muthanallur B.O,560099,Bangalore HQ,,Bangalore South,Bangalore,,NA,NA
Nayandahalli S.O,560039,Bangalore HQ,,Bangalore South,Bangalore,,NA,NA
Padmanabhnagar S.O,560070,Bangalore HQ,,Bangalore South,Bangalore,,77.5576,12.9176
Pampamahakavi Road S.O,560004,Bangalore HQ,,Bangalore South,Bangalore,,NA,NA
Ragihalli B.O,560083,Bangalore HQ,,Anekal,Bangalore,,NA,NA
Rajarajeshwarinagar S.O,560098,Bangalore HQ,,Bangalore South,Bangalore,,NA,NA
Ramohalli B.O,560074,Bangalore HQ,,Bangalore South,Bangalore,,NA,NA
Rv Niketan S.O,560059,Bangalore HQ,,Bangalore South,Bangalore,,NA,NA
Sakalavara B.O,560083,Bangalore HQ,,Bangalore South,Bangalore Rural,,NA,NA
Sampangiramnagar S.O,560027,Bangalore HQ,,Bangalore South,Bangalore,,NA,NA
Shanthinagar S.O,560027,Bangalore HQ,,Bangalore South,Bangalore,,NA,NA
Singasandra B.O,560068,Bangalore HQ,,Bangalore South,Bangalore Rural,,NA,NA
Somanhalli B.O,560082,Bangalore HQ,,Bangalore South,Bangalore Rural,,NA,NA
St. John's Medical College S.O,560034,Bangalore HQ,,Bangalore South,Bangalore,,77.6262,12.9277
State Bank Of Mysore Colony S.O,560050,Bangalore HQ,,Bangalore South,Bangalore,,NA,NA
Subramanyapura S.O,560061,Bangalore HQ,,Bangalore South,Bangalore,,NA,NA
Sulikere B.O,560060,Bangalore HQ,,Bangalore South,Bangalore Rural,,NA,NA
Taralu B.O,560082,Bangalore HQ,,Bangalore South,Bangalore Rural,,NA,NA
Tavarekere S.O,560029,Bangalore HQ,,Bangalore,Bangalore,,NA,NA
Thalaghattapura S.O,560109,Bangalore HQ,,Bangalore South,Bangalore,,NA,NA
Thataguni B.O,560082,Bangalore HQ,,Bangalore South,Bangalore,,NA,NA
Thattekuppe B.O,560082,Bangalore HQ,,Bangalore South,Bangalore Rural,,NA,NA
Thyagarajnagar S.O,560004,Bangalore HQ,,Bangalore,Bangalore,,NA,NA
Tilaknagar S.O (Bangalore),560041,Bangalore HQ,,Bangalore South,Bangalore,,NA,NA
Tyagrajnagar S.O,560070,Bangalore HQ,,Bangalore South,Bangalore,,NA,NA
Udaypura S.O,560082,Bangalore HQ,,Bangalore South,Bangalore Rural,,NA,NA
Ullalu Upanagar S.O,560110,Bangalore HQ,,Bangalore,Bangalore,,NA,NA
Wilson Garden S.O,560027,Bangalore HQ,,Bangalore South,Bangalore,,NA,NA
Wipro Limited S.O,560100,Bangalore HQ,,Bangalore South,Bangalore,,NA,NA
Yelachenahalli S.O,560078,Bangalore HQ,,Bangalore South,Bangalore,,NA,NA
Achitnagar S.O,560107,Bangalore HQ,,Bangalore North,Bangalore Rural,,NA,NA
Bagalgunte B.O,560073,Bangalore HQ,,Bangalore North,Bangalore,,NA,NA
Bangalore City S.O,560002,Bangalore HQ,,Bangalore North,Bangalore,,NA,NA
Bangalore Dist Offices Bldg S.O,560009,Bangalore HQ,,Bangalore North,Bangalore,,NA,NA
Bapagrama B.O,560091,Bangalore HQ,,Bangalore North,Bangalore,,NA,NA
Basaveshwaranagar S.O,560079,Bangalore HQ,,Bangalore North,Bangalore,,NA,NA
Byatha B.O,560089,Bangalore HQ,,Bangalore North,Bangalore Rural,,NA,NA
Chandra Lay Out S.O,560040,Bangalore HQ,,Bangalore North,Bangalore,,NA,NA
Chikkabanavara S.O,560090,Bangalore HQ,,Bangalore North,Bangalore Rural,,NA,NA
Chikkabidarkal S.O,560073,Bangalore HQ,,Bangalore North,Bangalore,,NA,NA
Gayathrinagar S.O,560021,Bangalore HQ,,Bangalore North,Bangalore,,77.5581,13.001
Hampinagar S.O,560104,Bangalore HQ,,Bangalore North,Bangalore,,NA,NA
Herohalli S.O,560091,Bangalore HQ,,Bangalore north,Bangalore,,NA,NA
Hessarghatta Lake S.O,560089,Bangalore HQ,,Bangalore North,Bangalore Rural,,NA,NA
Hessarghatta S.O,560088,Bangalore HQ,,Bangalore North,Bangalore Rural,,NA,NA
Industrial Estate S.O (Bangalore),560010,Bangalore HQ,,Bangalore North,Bangalore,,NA,NA
Jalahalli East S.O,560014,Bangalore HQ,,Bangalore North,Bangalore,,77.5463,13.0728
Jalahalli H.O,560013,Bangalore HQ,,Bangalore North,Bangalore,,77.5539,13.0506
Jalahalli West S.O,560015,Bangalore HQ,,Bangalore North,Bangalore,,NA,NA
K H B Colony S.O,560079,Bangalore HQ,,Bangalore North,Bangalore,,NA,NA
K. G. Road S.O,560009,Bangalore HQ,,Bangalore North,Bangalore,,NA,NA
Kakolu B.O,560089,Bangalore HQ,,Bangalore North,Bangalore Rural,,NA,NA
Kamakshipalya S.O,560079,Bangalore HQ,,Bangalore North,Bangalore,,NA,NA
Kodigehalli B.O,560091,Bangalore HQ,,Bangalore North,Bangalore Rural,,NA,NA
Kodigehalli S.O,560112,Bangalore HQ,,Bangalore,Bangalore,,NA,NA
Laggere S.O,560058,Bangalore HQ,,Bangalore North,Bangalore,,NA,NA
Magadi Road S.O,560023,Bangalore HQ,,Bangalore North,Bangalore,,NA,NA
Mahalakshmipuram Layout S.O,560086,Bangalore HQ,,Bangalore North,Bangalore,,77.5466,13.0108
Malleswaram S.O,560003,Bangalore HQ,,Bangalore North,Bangalore,,77.5709,13.0002
Malleswaram West S.O,560055,Bangalore HQ,,Bangalore North,Bangalore,,77.5629,13.0089
Mathikere S.O,560054,Bangalore HQ,,Bangalore North,Bangalore,,77.5576,13.0403
Msrit S.O,560054,Bangalore HQ,,Bangalore North,Bangalore,,77.5642,13.0298
Nagarbhavi S.O,560072,Bangalore HQ,,Bangalore North,Bangalore,,NA,NA
Nagasandra S.O (Bangalore),560073,Bangalore HQ,,Bangalore North,Bangalore,,NA,NA
Nandinilayout S.O,560096,Bangalore HQ,,Bangalore North,Bangalore,,NA,NA
Nelakadiranahalli B.O,560073,Bangalore HQ,,Bangalore North,Bangalore,,NA,NA
Palace Guttahalli S.O,560003,Bangalore HQ,,Bangalore North,Bangalore,,77.5819,12.9993
Peenya Dasarahalli S.O,560057,Bangalore HQ,,Bangalore North,Bangalore,,NA,NA
Peenya I Stage S.O,560058,Bangalore HQ,,Bangalore North,Bangalore,,NA,NA
Peenya Small Industries S.O,560058,Bangalore HQ,,Bangalore North,Bangalore,,NA,NA
Rajajinagar H.O,560010,Bangalore HQ,,Bangalore North,Bangalore,,77.5545,12.9932
Rajajinagar IVth Block S.O,560010,Bangalore HQ,,Bangalore North,Bangalore,,77.5612,12.9831
Science Institute S.O,560012,Bangalore HQ,,Bangalore North,Bangalore,,NA,NA
Seshadripuram S.O,560020,Bangalore HQ,,Bangalore North,Bangalore,,NA,NA
Shivakote B.O,560089,Bangalore HQ,,Bangalore North,Bangalore Rural,,NA,NA
Silvepura B.O,560090,Bangalore HQ,,Bangalore North,Bangalore Rural,,NA,NA
Sri Chowdeshwari S.O,560054,Bangalore HQ,,Bangalore North,Bangalore,,NA,NA
Srirampuram S.O,560021,Bangalore HQ,,Bangalore North,Bangalore,,NA,NA
Swimming Pool Extn S.O,560003,Bangalore HQ,,Bangalore North,Bangalore,,77.574,12.9968
Tarabanahalli B.O,560090,Bangalore HQ,,Bangalore North,Bangalore,,NA,NA
Vidyaranyapura S.O,560097,Bangalore HQ,,Bangalore North,Bangalore,,77.5575,13.076
Vijayanagar East S.O,560040,Bangalore HQ,,Bangalore North,Bangalore,,NA,NA
Vijayanagar S.O (Bangalore),560040,Bangalore HQ,,Bangalore North,Bangalore,,NA,NA
Viswaneedam S.O,560091,Bangalore HQ,,Bangalore North,Bangalore,,NA,NA
Vyalikaval Extn S.O,560003,Bangalore HQ,,Bangalore North,Bangalore,,77.5769,13.004
West of Chord Road II stage S.O,560086,Bangalore HQ,,Bangalore North,Bangalore,,NA,NA
Yeshwanthpur Bazar S.O,560022,Bangalore HQ,,Bangalore North,Bangalore,,NA,NA
Yeswanthpura S.O,560022,Bangalore HQ,,Bangalore North,Bangalore,,77.5562,13.0197
Abbur B.O,562108,Bangalore HQ,,Channapatna,Ramanagar,,NA,NA
Achalu B.O,562117,Bangalore HQ,,Kanakapura,Ramanagar,,NA,NA
Adarangi B.O,561101,Bangalore HQ,,Magadi,Bangalore Rural,,NA,NA
Agalakote B.O,562120,Bangalore HQ,,Magadi,Ramanagar,,NA,NA
Ajjanahalli B.O,561201,Bangalore HQ,,Magadi,Bangalore Rural,,NA,NA
Akkur B.O,562159,Bangalore HQ,,Ramanagara,Ramanagar,,NA,NA
Akkur B.O,562138,Bangalore HQ,,Channapatna,Ramanagar,,NA,NA
Alahalli B.O,562117,Bangalore HQ,,Kanakapura,Ramanagar,,NA,NA
Alanatha B.O,562119,Bangalore HQ,,Kanakapura,Ramanagar,,NA,NA
Alurduddanahalli B.O,562110,Bangalore HQ,,Devanahalli,Bangalore Rural,,NA,NA
Aluru B.O,562162,Bangalore HQ,,Nelamangala,Bangalore Rural,,NA,NA
Ambadahalli B.O,562138,Bangalore HQ,,Channapatna,Ramanagar,,NA,NA
Anekal S.O,562106,Bangalore HQ,,Anekal,Bangalore,,NA,NA
Anjanapura B.O,562159,Bangalore HQ,,Ramanagaram,Ramanagar,,NA,NA
Ankanahalli B.O,562159,Bangalore HQ,,Ramanagara,Ramanagar,,NA,NA
Anneshwara B.O,562110,Bangalore HQ,,Devanahalli,Bangalore Rural,,NA,NA
Antharahalli B.O,561203,Bangalore HQ,,Doddaballapura,Bangalore Rural,,NA,NA
Aradeshanahalli B.O,562110,Bangalore HQ,,Devanahalli,Bangalore Rural,,NA,NA
Arakere B.O,562163,Bangalore HQ,,Doddaballapura,Bangalore Rural,,NA,NA
Aralalasandra B.O,562138,Bangalore HQ,,Channapatna,Ramanagar,,NA,NA
Arallumallige B.O,561203,Bangalore HQ,,Doddaballapura,Bangalore Rural,,NA,NA
Arasinakunte B.O,562123,Bangalore HQ,,Nelamangala,Bangalore Rural,,NA,NA
Arebommnahalli B.O,562111,Bangalore HQ,,Nelamangala,Bangalore Rural,,NA,NA
Arudi B.O,561204,Bangalore HQ,,Dodballapura,Bangalore Rural,,NA,NA
Attibele S.O,562107,Bangalore HQ,,Anekal,Bangalore,,NA,NA
Attihalli B.O,562126,Bangalore HQ,,Kanakapura,Ramanagar,,NA,NA
Attikuppe B.O,562112,Bangalore HQ,,Kanakapura,Ramanagar,,NA,NA
Attimagere B.O,561201,Bangalore HQ,,Magadi,Ramanagar,,NA,NA
Avathi,562164,Bangalore HQ,,Devanahalli,Bangalore,,NA,NA
Averahalli B.O,562159,Bangalore HQ,,Ramanagaram,Ramanagar,,NA,NA
Bachenahatti B.O,562120,Bangalore HQ,,Magadi,Ramanagar,,NA,NA
Bagalur S.O (Bangalore),562149,Bangalore HQ,,Banglorenorth,Bangalore,,NA,NA
Baginigere B.O,562131,Bangalore HQ,,Magadi,Bangalore Rural,,NA,NA
Baktharahalli B.O,561204,Bangalore HQ,,Dodballapura,Bangalore Rural,,NA,NA
Banavadi B.O,562127,Bangalore HQ,,Magadi,Bangalore Rural,,NA,NA
Banavasi B.O,562121,Bangalore HQ,,Kanakapura,Ramanagar,,NA,NA
Bandikodigehalli B.O,562149,Bangalore HQ,,Bgnorth,Bangalore,,NA,NA
Bannikuppe B.O,562159,Bangalore HQ,,Ramangara,Ramanagar,,NA,NA
Bannimakodalu B.O,562119,Bangalore HQ,,Kanakapura,Ramanagar,,NA,NA
Baragenahalli B.O,562111,Bangalore HQ,,Nelamangala,Bangalore Rural,,NA,NA
Basettihalli B.O,562163,Bangalore HQ,,Doddaballapura,Bangalore Rural,,NA,NA
Begur B.O,562122,Bangalore HQ,,Hoskote,Bangalore Rural,,NA,NA
Bendiganahalli B.O,562129,Bangalore HQ,,Hoskote,Bangalore Rural,,NA,NA
Bestamaranahalli B.O,562106,Bangalore HQ,,Anekal,Bangalore,,NA,NA
Bettahalsur S.O,562157,Bangalore HQ,,Bangalore North,Bangalore,,NA,NA
Bettakote B.O,562129,Bangalore HQ,,Hoskote,Bangalore Rural,,NA,NA
Bevur S.O (Ramanagar),562108,Bangalore HQ,,Channapatna,Ramanagar,,NA,NA
Bevurmandya B.O,562108,Bangalore HQ,,Channapatna,Ramanagar,,NA,NA
Bidadi S.O,562109,Bangalore HQ,,Ramanagara,Ramanagar,,NA,NA
Bidalur B.O,562164,Bangalore HQ,,Devanahalli,Bangalore Rural,,NA,NA
Bidaraguppe B.O,562107,Bangalore HQ,,Anekal,Bangalore,,NA,NA
Bijjahalli B.O,562119,Bangalore HQ,,Kanakapura,Ramanagar,,NA,NA
Bijjawara B.O,562164,Bangalore HQ,,Devanahalli,Bangalore Rural,,NA,NA
Bilagumba B.O,562120,Bangalore HQ,,Magadi,Ramanagar,,NA,NA
Bilagumba B.O,562159,Bangalore HQ,,Ramangara,Ramanagar,,NA,NA
Billanakote B.O,562111,Bangalore HQ,,Nelamangala,Bangalore Rural,,NA,NA
Biskur B.O,562131,Bangalore HQ,,Magadi,Bangalore Rural,,NA,NA
Budigere B.O,562129,Bangalore HQ,,Hoskote,Bangalore Rural,,NA,NA
Budihal B.O,562123,Bangalore HQ,,Nelamangala,Bangalore Rural,,NA,NA
Byagadadenahalli B.O,562106,Bangalore HQ,,Anekal,Bangalore,,NA,NA
Bylakere B.O,562127,Bangalore HQ,,Magadi,Bangalore Rural,,NA,NA
Bylanarasapura B.O,562122,Bangalore HQ,,Hoskote,Bangalore Rural,,NA,NA
Byramangala B.O,562109,Bangalore HQ,,Ramangara,Ramanagar,,NA,NA
Chakarabhavi B.O,562120,Bangalore HQ,,Magadi,Ramanagar,,NA,NA
Chakkalur B.O,562160,Bangalore HQ,,Channapatna,Ramanagar,,NA,NA
Chakkere B.O,562160,Bangalore HQ,,Channapatna,Ramanagar,,NA,NA
Chamarajasagara B.O,562120,Bangalore HQ,,Magadi,Bangalore,,NA,NA
Channapatna Bazar S.O,562160,Bangalore HQ,,Channapatna,Ramanagar,,NA,NA
Channapatna H.O,562160,Bangalore HQ,,Channapatna,Ramanagar,,77.2027,12.6542
Channarayapatna B.O,562135,Bangalore HQ,,Devanahalli,Bangalore Rural,,NA,NA
Cheelur B.O,562112,Bangalore HQ,,Kanakapura,Ramanagar,,NA,NA
Chikkajala B.O,562157,Bangalore HQ,,Bg North,Bangalore,,NA,NA
Chikkalahalli B.O,562126,Bangalore HQ,,Kanakapura,Ramanagar,,NA,NA
Chikkamuduvadi B.O,562117,Bangalore HQ,,Kanakapura,Ramanagar,,NA,NA
Chikkanahalli B.O,562130,Bangalore HQ,,Bgsouth,Bangalore,,NA,NA
Chunchanakuppe B.O,562130,Bangalore HQ,,Bg South,Bangalore,,NA,NA
Dasanapura B.O,562162,Bangalore HQ,,Bangalore North,Bangalore,,NA,NA
Devanahalli S.O,562110,Bangalore HQ,,Devanahalli,Bangalore Rural,,NA,NA
Devarahosahalli B.O,562111,Bangalore HQ,,Nelamangala,Bangalore Rural,,NA,NA
Dobbespet S.O,562111,Bangalore HQ,,Nelamangala,Bangalore Rural,,NA,NA
Dodballapura Bazar S.O,561203,Bangalore HQ,,Dod Ballapur,Bangalore Rural,,NA,NA
Dodballapura S.O,561203,Bangalore HQ,,Doddaballapura,Bangalore Rural,,NA,NA
Doddabelavangala S.O,561204,Bangalore HQ,,Doddaballapura,Bangalore Rural,,NA,NA
Doddabele B.O,562132,Bangalore HQ,,Nelamangala,Bangalore Rural,,NA,NA
Doddagangawadi B.O,562159,Bangalore HQ,,Ramanagara,Ramanagar,,NA,NA
Doddagattiganabbe B.O,562114,Bangalore HQ,,Hoskote,Bangalore Rural,,NA,NA
Doddahejjaji B.O,561204,Bangalore HQ,,Dodballapura,Bangalore Rural,,NA,NA
Doddajala B.O,562157,Bangalore HQ,,Bg North,Bangalore,,NA,NA
Doddakabballi B.O,562119,Bangalore HQ,,Kanakapura,Ramanagar,,NA,NA
Doddamudigere B.O,562131,Bangalore HQ,,Magadi,Bangalore Rural,,NA,NA
Doddanallala B.O,562114,Bangalore HQ,,Hoskote,Bangalore Rural,,NA,NA
Doddasanne B.O,562110,Bangalore HQ,,Devanahalli,Bangalore Rural,,NA,NA
Doddasomanahalli B.O,562131,Bangalore HQ,,Magadi,Bangalore Rural,,NA,NA
Doddatumkur B.O,562163,Bangalore HQ,,Dodballapura,Bangalore Rural,,NA,NA
Dommasandra B.O,562125,Bangalore HQ,,Anekal,Bangalore,,NA,NA
Ganakal B.O,562109,Bangalore HQ,,Ramangara,Ramanagar,,NA,NA
Ganalu B.O,562117,Bangalore HQ,,Kanakapura,Ramanagar,,NA,NA
Gangonahalli B.O,562131,Bangalore HQ,,Magadi,Bangalore Rural,,NA,NA
Gantiganahalli B.O,561205,Bangalore HQ,,Dodballapura,Bangalore Rural,,NA,NA
Garakahalli B.O,562138,Bangalore HQ,,Channapatna,Ramanagar,,NA,NA
GCEC Ramanagara S.O,562159,Bangalore HQ,,Ramanagara,Ramanagar,,NA,NA
Gejjagaragupppe B.O,562120,Bangalore HQ,,Magadi,Ramanagar,,NA,NA
Girenahalli B.O,562112,Bangalore HQ,,Kanakapura,Ramanagar,,NA,NA
Gollahalli B.O,562123,Bangalore HQ,,Nelamangala,Bangalore Rural,,NA,NA
Gollahalli B.O,562119,Bangalore HQ,,Kanakapura,Ramanagar,,NA,NA
Gottigehalli B.O,562112,Bangalore HQ,,Kanakapura,Ramanagar,,NA,NA
Government Silk Farm S.O,562161,Bangalore HQ,,Channapatna,Ramanagar,,NA,NA
Gowdagere B.O,562108,Bangalore HQ,,Channapatna,Ramanagar,,NA,NA
Guddanahalli B.O,562106,Bangalore HQ,,Anekal,Bangalore,,NA,NA
Gudemaranahalli B.O,562127,Bangalore HQ,,Magadi,Bangalore Rural,,NA,NA
Gundamgere B.O,561203,Bangalore HQ,,Doddaballapura,Bangalore Rural,,NA,NA
Guttalahunase B.O,562121,Bangalore HQ,,Kanakapura,Ramanagar,,NA,NA
H.Kothanuru B.O,562117,Bangalore HQ,,Kanakapura,Ramanagar,,NA,NA
Hadonahalli B.O,561205,Bangalore HQ,,Dodballapura,Bangalore Rural,,NA,NA
Hagalahalli B.O,562128,Bangalore HQ,,Ramanagara,Ramanagar,,NA,NA
Hanabe B.O,561203,Bangalore HQ,,Dodballapura,Bangalore Rural,,NA,NA
Hanchaguli B.O,562119,Bangalore HQ,,Kanakapura,Ramanagar,,NA,NA
Handenahalli B.O,562125,Bangalore HQ,,Anekal,Bangalore,,NA,NA
Harathi B.O,562120,Bangalore HQ,,Magadi,Ramanagar,,NA,NA
Harisandra B.O,562128,Bangalore HQ,,Ramangaram,Ramanagar,,NA,NA
Harobele B.O,562126,Bangalore HQ,,Kanakapura,Ramanagar,,NA,NA
Harohalli B.O,562135,Bangalore HQ,,Devanahalli,Bangalore Rural,,NA,NA
Harohalli S.O,562112,Bangalore HQ,,Kanakapura,Ramanagar,,NA,NA
Hasigala B.O,562114,Bangalore HQ,,Hoskote,Bangalore Rural,,NA,NA
Heggadahalli B.O,561205,Bangalore HQ,,Dodbalapura,Bangalore Rural,,NA,NA
Hegganahalli B.O,562110,Bangalore HQ,,Devanhalli,Bangalore Rural,,NA,NA
Heggunda B.O,562111,Bangalore HQ,,Nelamangala,Bangalore Rural,,NA,NA
Hejjala B.O,562109,Bangalore HQ,,Ramangara,Ramanagar,,NA,NA
Helagahalli B.O,562117,Bangalore HQ,,Kanakapura,Ramanagar,,NA,NA
Herandyappanahalli B.O,562119,Bangalore HQ,,Kanakapura,Ramanagar,,NA,NA
Hindaganala B.O,562122,Bangalore HQ,,Hoskote,Bangalore Rural,,NA,NA
Honganur S.O,562138,Bangalore HQ,,Channapatna,Ramanagar,,NA,NA
Honnasandra B.O,562123,Bangalore HQ,,Nelamangala,Bangalore Rural,,NA,NA
Honnayakanahalli B.O,562108,Bangalore HQ,,Channapatna,Ramanagar,,NA,NA
Honniganahalli B.O,562126,Bangalore HQ,,Kanakapura,Ramanagar,,NA,NA
Horalagallu B.O,562117,Bangalore HQ,,Kanakapura,Ramanagar,,NA,NA
Hosadurga B.O,562119,Bangalore HQ,,Kanakapura,Ramanagar,,NA,NA
Hosahalli B.O,561203,Bangalore HQ,,Doddaballapura,Bangalore Rural,,NA,NA
Hoskote Indl. Area B.O,562114,Bangalore HQ,,Hoskote,Bangalore Rural,,NA,NA
Hoskote S.O,562114,Bangalore HQ,,Hosakote,Bangalore Rural,,NA,NA
Hosur B.O,562109,Bangalore HQ,,Ramangara,Ramanagar,,NA,NA
Hulikal B.O,561101,Bangalore HQ,,Magadi,Bangalore Rural,,NA,NA
Hulikunte B.O,561204,Bangalore HQ,,Dodballapura,Bangalore Rural,,NA,NA
Hullegowdanahalli B.O,562162,Bangalore HQ,,Nelamangala,Bangalore Rural,,NA,NA
Hullenahalli B.O,562131,Bangalore HQ,,Magadi,Bangalore Rural,,NA,NA
Hunasamaranahalli B.O,562157,Bangalore HQ,,Bg North,Bangalore,,NA,NA
Hunasanahalli B.O,562119,Bangalore HQ,,Kanakapura,Ramanagar,,NA,NA
Hunkunda B.O,562119,Bangalore HQ,,Kanakapura,Ramanagar,,NA,NA
Huskur B.O,562162,Bangalore HQ,,Nelamangala,Bangalore Rural,,NA,NA
Ibasapura B.O,562129,Bangalore HQ,,Hoskote,Bangalore Rural,,NA,NA
Iggalur B.O,562138,Bangalore HQ,,Channapatna,Ramanagar,,NA,NA
Ijoor Ramangaram S.O,562159,Bangalore HQ,,Ramanagara,Ramanagar,,77.2729,12.716
Indalavadi B.O,562106,Bangalore HQ,,Anekal,Bangalore,,NA,NA
Ittmadu B.O,562109,Bangalore HQ,,Ramangara,Ramanagar,,NA,NA
Jadigenahalli B.O,562114,Bangalore HQ,,Hoskote,Bangalore Rural,,NA,NA
Jagadapura B.O,562138,Bangalore HQ,,Channapatna,Ramanagar,,NA,NA
Jakkanahalli B.O,562123,Bangalore HQ,,Nelamangala,Bangalore Rural,,NA,NA
Jakkasandra B.O,562112,Bangalore HQ,,Kanakapura,Ramanagar,,NA,NA
Jalamangala B.O,562159,Bangalore HQ,,Ramanagara,Ramanagar,,NA,NA
Jalige B.O,562110,Bangalore HQ,,Devanahalli,Bangalore Rural,,NA,NA
Jodidasarahalli B.O,562114,Bangalore HQ,,Hoskote,Bangalore Rural,,NA,NA
K.Karenahalli B.O,562109,Bangalore HQ,,Ramangara,Ramanagar,,NA,NA
K.Satyavara B.O,562122,Bangalore HQ,,Hoskote,Bangalore Rural,,NA,NA
Kabbal B.O,562126,Bangalore HQ,,Kanakapura,Ramanagar,,NA,NA
Kadabagere B.O,562130,Bangalore HQ,,Nla & Bgsouth,Bangalore,,NA,NA
Kadahalli B.O,562126,Bangalore HQ,,Kanakapura,Ramanagar,,NA,NA
Kadalappanahalli B.O,561204,Bangalore HQ,,Dodballapura,Bangalore Rural,,NA,NA
Kadanur B.O,561204,Bangalore HQ,,Dodballapura,Bangalore Rural,,NA,NA
Kaggala Halli B.O,562112,Bangalore HQ,,Kanakapura,Ramanagar,,NA,NA
Kailancha B.O,562159,Bangalore HQ,,Ramanagara,Ramanagar,,NA,NA
Kalari B.O,562120,Bangalore HQ,,Magadi,Ramanagar,,NA,NA
Kallahalli B.O,562117,Bangalore HQ,,Kanakapura,Ramanagar,,NA,NA
Kallanakupppe B.O,562121,Bangalore HQ,,Kanakapura,Ramanagar,,NA,NA
Kalludevanahalli B.O,562120,Bangalore HQ,,Magadi,Ramanagar,,NA,NA
Kalya B.O,562120,Bangalore HQ,,Magadi,Ramanagar,,NA,NA
Kambalu B.O,562111,Bangalore HQ,,Nelamangala,Bangalore Rural,,NA,NA
Kanakapura Bazar S.O,562117,Bangalore HQ,,Kanakapura,Ramanagar,,NA,NA
Kanakapura S.O,562117,Bangalore HQ,,Kanakapura,Ramanagar,,NA,NA
Kanasavadi B.O,561203,Bangalore HQ,,Doddaballapura,Bangalore Rural,,NA,NA
Kanchugaranahalli B.O,562109,Bangalore HQ,,Ramanagar,Ramanagar,,NA,NA
Kannamangala B.O,561203,Bangalore HQ,,Doddaballapura,Bangalore Rural,,NA,NA
Kannamangala B.O,562110,Bangalore HQ,,Devanahalli,Bangalore Rural,,NA,NA
Kannur B.O,562149,Bangalore HQ,,Bg North,Bangalore,,NA,NA
Kanva B.O,562108,Bangalore HQ,,Channapatna,Ramanagar,,NA,NA
Karahalli B.O,562164,Bangalore HQ,,Devanhalli,Bangalore Rural,,NA,NA
Karikaldoddi B.O,562112,Bangalore HQ,,Kanakapura,Ramanagar,,NA,NA
Karlamangala B.O,561201,Bangalore HQ,,Magadi,Ramanagar,,NA,NA
Kattigenahalli B.O,562114,Bangalore HQ,,Hoskote,Bangalore Rural,,NA,NA
Kembliganahalli B.O,562114,Bangalore HQ,,Hoskote,Bangalore Rural,,NA,NA
Kempasagara B.O,562120,Bangalore HQ,,Magadi,Ramanagar,,NA,NA
Kithanahalli B.O,562130,Bangalore HQ,,Bg South,Bangalore Rural,,NA,NA
Kodamballi B.O,562138,Bangalore HQ,,Channapatna,Ramanagar,,NA,NA
Kodigehalli B.O,561203,Bangalore HQ,,Doddaballapura,Bangalore Rural,,NA,NA
Kodihalli S.O,562119,Bangalore HQ,,Kanakapura,Ramanagar,,NA,NA
Koira B.O,562164,Bangalore HQ,,Devanahalli,Bangalore Rural,,NA,NA
Kolagondanahalli B.O,562119,Bangalore HQ,,Kanakapura,Ramanagar,,NA,NA
Koligere B.O,561204,Bangalore HQ,,Dodballapura,Bangalore Rural,,NA,NA
Kollalagatta B.O,562132,Bangalore HQ,,Nelamangala,Bangalore Rural,,NA,NA
Kollathur B.O,562114,Bangalore HQ,,Hoskote,Bangalore Rural,,NA,NA
Kolliganahalli B.O,562112,Bangalore HQ,,Kanakapura,Ramanagar,,NA,NA
Kongadiyappa Road S.O,561203,Bangalore HQ,,Dod Ballapur,Bangalore Rural,,NA,NA
Konnagatta B.O,562163,Bangalore HQ,,Doddaballapura,Bangalore Rural,,NA,NA
Korati B.O,562122,Bangalore HQ,,Hoskote,Bangalore Rural,,NA,NA
Kottagalu B.O,562117,Bangalore HQ,,Kanakapura,Ramanagar,,NA,NA
Krishnapuradoddi B.O,562159,Bangalore HQ,,NA,Ramanagar,,NA,NA
Kudlur B.O,562160,Bangalore HQ,,Channapatna,Ramanagar,,NA,NA
Kudur S.O,561101,Bangalore HQ,,Magadi,Bangalore Rural,,NA,NA
Kugur B.O,562125,Bangalore HQ,,Anekal,Bangalore,,NA,NA
Kuluvanahalli B.O,562111,Bangalore HQ,,Nelamangala,Bangalore Rural,,NA,NA
Kumbalahalli B.O,562114,Bangalore HQ,,Hoskote,Bangalore Rural,,NA,NA
Kundana B.O,562110,Bangalore HQ,,Devanahalli,Bangalore Rural,,NA,NA
Kurupet B.O,562117,Bangalore HQ,,Kanakapura,Ramanagar,,NA,NA
Kutgal B.O,562159,Bangalore HQ,,Ramanagara,Ramanagar,,NA,NA
Kyasapura B.O,562108,Bangalore HQ,,Channapatna,Ramanagar,,NA,NA
Lakkenahalli B.O,562127,Bangalore HQ,,Magadi,Bangalore Rural,,NA,NA
Lakkojanahalli B.O,562159,Bangalore HQ,,Ramanagara,Ramanagar,,NA,NA
Lakkondanahalli B.O,562114,Bangalore HQ,,Hoskote,Bangalore Rural,,NA,NA
Lakkur B.O,562111,Bangalore HQ,,Nelamangala,Bangalore Rural,,NA,NA
Lakshmipura B.O,561201,Bangalore HQ,,Magadi,Ramanagar,,NA,NA
Lakshmipura B.O,562162,Bangalore HQ,,Nelamangala,Bangalore Rural,,NA,NA
Lalaghatta B.O,562160,Bangalore HQ,,Channapatna,Ramanagar,,NA,NA
Madabal B.O,561201,Bangalore HQ,,Magadi,Ramanagar,,NA,NA
Madalakote B.O,562123,Bangalore HQ,,Nelamangala,Bangalore Rural,,NA,NA
Madanayakanahalli S.O,562162,Bangalore HQ,,Bangalore North,Bangalore,,NA,NA
Madavara B.O,562162,Bangalore HQ,,Nelamangala,Bangalore Rural,,NA,NA
Madigondanahalli B.O,562127,Bangalore HQ,,Magadi,Bangalore Rural,,NA,NA
Magadi S.O,562120,Bangalore HQ,,Magadi,Ramanagar,,NA,NA
Mahadevapura B.O,562123,Bangalore HQ,,Nelamagala,Bangalore Rural,,NA,NA
Makali B.O,562108,Bangalore HQ,,Channapatna,Ramanagar,,NA,NA
Makali B.O,562162,Bangalore HQ,,Nelamangala,Bangalore Rural,,NA,NA
Malgal B.O,562117,Bangalore HQ,,Kanakapura,Ramanagar,,NA,NA
Mallarabanavadi B.O,562123,Bangalore HQ,,Nelamangala,Bangalore Rural,,NA,NA
Mallathahalli B.O,561203,Bangalore HQ,,Doddaballapura,Bangalore Rural,,NA,NA
Mallligemetlu B.O,562121,Bangalore HQ,,Kanakapura,Ramanagar,,NA,NA
Malur B.O,562160,Bangalore HQ,,Channapatna,Ramanagar,,NA,NA
Manchanabele B.O,562128,Bangalore HQ,,Ramangaram,Ramanagar,,NA,NA
Manchanayakanahalli B.O,562109,Bangalore HQ,,Ramangara,Ramanagar,,NA,NA
Manchegowdanapalya B.O,562109,Bangalore HQ,,Ramangara,Ramanagar,,NA,NA
Mandibele B.O,562135,Bangalore HQ,,Devanahalli,Bangalore Rural,,NA,NA
Mandigere B.O,562123,Bangalore HQ,,Nelamangala,Bangalore Rural,,NA,NA
Mankunda B.O,562108,Bangalore HQ,,Channapatna,Ramanagar,,NA,NA
Manne B.O,562132,Bangalore HQ,,Nelamangala,Bangalore Rural,,NA,NA
Manniganahalli B.O,562127,Bangalore HQ,,Magadi,Bangalore Rural,,NA,NA
Maralakunte B.O,562111,Bangalore HQ,,Nelamangala,Bangalore Rural,,NA,NA
Maralavadi S.O,562121,Bangalore HQ,,Kanakapura,Ramanagar,,NA,NA
Marale B.O,562117,Bangalore HQ,,Kanakapura,Ramanagar,,NA,NA
Marasandra B.O,561101,Bangalore HQ,,Magadi,Bangalore Rural,,NA,NA
Marchanhalli B.O,562160,Bangalore HQ,,Channapatna,Ramanagar,,NA,NA
Marikuppe B.O,562127,Bangalore HQ,,Magadi,Bangalore Rural,,NA,NA
Marlebekuppe B.O,562117,Bangalore HQ,,Kanakapura,Ramanagar,,NA,NA
Marsur B.O,562106,Bangalore HQ,,Anekal,Bangalore,,NA,NA
Mathahalli B.O,562162,Bangalore HQ,,Nelamangala,Bangalore Rural,,NA,NA
Mathikere B.O,562120,Bangalore HQ,,Magadi,Ramanagar,,NA,NA
Mayaganahalli B.O,562128,Bangalore HQ,,Ramanagara,Ramanagar,,NA,NA
Mayasandra B.O,562107,Bangalore HQ,,Anekal,Bangalore,,NA,NA
Mayasandra B.O,561101,Bangalore HQ,,Magadi,Bangalore Rural,,NA,NA
Medamaranahalli B.O,562112,Bangalore HQ,,Kanakapura,Ramanagar,,NA,NA
Melekote S.O,561205,Bangalore HQ,,Dodballapura,Bangalore Rural,,NA,NA
Mogenahalli B.O,562108,Bangalore HQ,,Channapatna,Ramanagar,,NA,NA
Motagondanahalli B.O,562127,Bangalore HQ,,Magadi,Bangalore Rural,,NA,NA
Mudugere B.O,562160,Bangalore HQ,,Channapatna,Ramanagar,,NA,NA
Mugabala B.O,562114,Bangalore HQ,,Hoskote,Bangalore Rural,,NA,NA
Mullahalli B.O,562119,Bangalore HQ,,Kanakapura,Bangalore Rural,,NA,NA
Mylanahalli B.O,562123,Bangalore HQ,,Nelamangala,Bangalore Rural,,NA,NA
Mylanayakanhalli B.O,562160,Bangalore HQ,,Channapatna,Ramanagar,,NA,NA
NAGADENAHALLI,562163,Bangalore HQ,,Doddabllapur,Bangalore Rural,,NA,NA
Nagavara B.O,562108,Bangalore HQ,,Channapatna,Ramanagar,,NA,NA
Nandagudi S.O,562122,Bangalore HQ,,Hoskote,Bangalore Rural,,NA,NA
Narasandra B.O,562127,Bangalore HQ,,Magadi,Bangalore Rural,,NA,NA
Narasipura B.O,562111,Bangalore HQ,,Nelamangala,Bangalore Rural,,NA,NA
Narayanapura B.O,562117,Bangalore HQ,,Kanakapura,Ramanagar,,NA,NA
Narayanapura B.O,562135,Bangalore HQ,,Devanahalli,Bangalore Rural,,NA,NA
Nelamangala S.O,562123,Bangalore HQ,,Nelamangala,Bangalore Rural,,NA,NA
Nelavagilu B.O,562122,Bangalore HQ,,Hoskote,Bangalore Rural,,NA,NA
Neralur B.O,562107,Bangalore HQ,,Anekal,Bangalore,,NA,NA
Neralur B.O,562138,Bangalore HQ,,Channapatna,Ramanagar,,NA,NA
Neriga B.O,562125,Bangalore HQ,,Anekal,Bangalore,,NA,NA
Niduvanda B.O,562132,Bangalore HQ,,Nelamangala,Bangalore Rural,,NA,NA
Obalapura B.O,562132,Bangalore HQ,,Nelamangala,Bangalore Rural,,NA,NA
Purushanahalli B.O,561204,Bangalore HQ,,Dodballapura,Bangalore Rural,,NA,NA
Rajaghatta B.O,561203,Bangalore HQ,,Doddaballapura,Bangalore Rural,,NA,NA
Ramanagaram S.O,562159,Bangalore HQ,,Ramanagara,Ramanagar,,NA,NA
Rameshwara B.O,561204,Bangalore HQ,,Dodballapura,Bangalore Rural,,NA,NA
Rampura B.O,562160,Bangalore HQ,,Channapatna,Ramanagar,,NA,NA
Reddihalli B.O,562129,Bangalore HQ,,Hoskote,Bangalore Rural,,NA,NA
Sadahalli B.O,562110,Bangalore HQ,,Devanhalli,Bangalore Rural,,NA,NA
Sakkaaregollahalli B.O,561204,Bangalore HQ,,Dodballapura,Bangalore Rural,,NA,NA
Samandur B.O,562106,Bangalore HQ,,Anekal,Bangalore,,NA,NA
Sankighatta B.O,562131,Bangalore HQ,,Magadi,Bangalore Rural,,NA,NA
Sarjapura S.O,562125,Bangalore HQ,,Anekal,Bangalore,,NA,NA
Sasalu B.O,561204,Bangalore HQ,,Dodballapura,Bangalore Rural,,NA,NA
Sathanur B.O,562120,Bangalore HQ,,Magadi,Ramanagar,,NA,NA
Sathanur S.O,562126,Bangalore HQ,,Kanakapaura,Ramanagar,,NA,NA
Shanumangala B.O,562109,Bangalore HQ,,Ramanagara,Ramanagar,,NA,NA
Shettihalli B.O,562160,Bangalore HQ,,Channapatna,Ramanagar,,NA,NA
Shivagange B.O,562111,Bangalore HQ,,Nelamangala,Bangalore Rural,,NA,NA
Shivanahalli B.O,562117,Bangalore HQ,,Kanakapura,Ramanagar,,NA,NA
Shivanapura B.O,562162,Bangalore HQ,,Nelamangala,Bangalore Rural,,NA,NA
Shivanapura B.O,562122,Bangalore HQ,,Hoskote,Bangalore Rural,,NA,NA
Shivapura B.O,562163,Bangalore HQ,,Doddaballapura,Bangalore Rural,,NA,NA
Sidihoskote B.O,562106,Bangalore HQ,,Anekal,Bangalore,,NA,NA
Singarajipura B.O,562138,Bangalore HQ,,Channapatna,Ramanagar,,NA,NA
Sirigiripura B.O,561101,Bangalore HQ,,Magadi,Bangalore Rural,,NA,NA
Sogala B.O,562138,Bangalore HQ,,Channapatna,Ramanagar,,NA,NA
Soladevanahalli B.O,562130,Bangalore HQ,,Nelamangala,Bangalore Rural,,NA,NA
Solur S.O,562127,Bangalore HQ,,Magadi,Bangalore Rural,,NA,NA
Sondekoppa B.O,562130,Bangalore HQ,,Nelamangala,Bangalore Rural,,NA,NA
Sri Subramanyaghati B.O,561203,Bangalore HQ,,Dod Ballapur,Bangalore Rural,,NA,NA
Sugganahalli B.O,561101,Bangalore HQ,,Magadi,Bangalore Rural,,NA,NA
Sugganahalli S.O,562128,Bangalore HQ,,Ramanagara,Ramanagar,,NA,NA
Sulebele S.O,562129,Bangalore HQ,,Hoskote,Bangalore Rural,,NA,NA
Sulleri B.O,562160,Bangalore HQ,,Channapatna,Ramanagar,,NA,NA
Syakaladevanapura B.O,561204,Bangalore HQ,,Dodballapura,Bangalore Rural,,NA,NA
T.Hosahalli B.O,562112,Bangalore HQ,,Kanakapura,Ramanagar,,NA,NA
Tagachagere B.O,562160,Bangalore HQ,,Channapatna,Ramanagar,,NA,NA
Tarahunise B.O,562157,Bangalore HQ,,Bg North,Bangalore,,NA,NA
Tattekere B.O,562112,Bangalore HQ,,Kanakapura,Ramanagar,,NA,NA
Tavarekere B.O,562122,Bangalore HQ,,Hoskote,Bangalore Rural,,NA,NA
Tavarekere S.O (Bangalore),562130,Bangalore HQ,,Bangaloresouth,Bangalore,,NA,NA
Teppadabeguru B.O,562123,Bangalore HQ,,Nelamangala,Bangalore Rural,,NA,NA
Terubeedi B.O,562121,Bangalore HQ,,Kanakapura,Ramanagar,,NA,NA
Thaggikuppe B.O,562120,Bangalore HQ,,Magadi,Ramanagar,,NA,NA
Thammanayakanahalli B.O,562106,Bangalore HQ,,Anekal,Bangalore,,NA,NA
Thimmasandra B.O,561201,Bangalore HQ,,Magadi,Ramanagar,,NA,NA
Thippasandra S.O,562131,Bangalore HQ,,Magadi,Bangalore Rural,,NA,NA
Tippur B.O,561203,Bangalore HQ,,Doddaballapura,Bangalore Rural,,NA,NA
Torebekuppe B.O,562117,Bangalore HQ,,Kanakapura,Ramanagar,,NA,NA
Tubugere B.O,561205,Bangalore HQ,,Dodballapura,Bangalore Rural,,NA,NA
Tungani B.O,562117,Bangalore HQ,,Kanakapura,Ramanagar,,NA,NA
Tyamagondlu S.O,562132,Bangalore HQ,,Nelamangala,Bangalore Rural,,NA,NA
Udukunte B.O,562127,Bangalore HQ,,Magadi,Bangalore Rural,,NA,NA
Uganavadi B.O,562110,Bangalore HQ,,Devanahalli,Bangalore Rural,,NA,NA
Uragapura B.O,562109,Bangalore HQ,,Ramanagara,Ramanagar,,NA,NA
Vagata Agrahara B.O,562114,Bangalore HQ,,Hoskote,Bangalore Rural,,NA,NA
Vanakanahalli B.O,562106,Bangalore HQ,,Anekal,Bangalore,,NA,NA
Veerapura B.O,562163,Bangalore HQ,,Doddaballpura,Bangalore Rural,,NA,NA
Veeregowdanadoddi S.O,561201,Bangalore HQ,,Magadi,Ramanagar,,NA,NA
Venkatagirikote B.O,562164,Bangalore HQ,,Devanahalli,Bangalore Rural,,NA,NA
Venkatarayanadoddi B.O,562117,Bangalore HQ,,Kanakapura,Ramanagar,,NA,NA
Vidyanagara B.O,562157,Bangalore HQ,,Bg North,Bangalore,,NA,NA
Vijayapaura S.O,562135,Bangalore HQ,,Devanahalli,Bangalore Rural,,NA,NA
Virupakshipura B.O,562138,Bangalore HQ,,Channapatna,Ramanagar,,NA,NA
Vishwanathapura B.O,562110,Bangalore HQ,,Devanahalli,Bangalore Rural,,NA,NA
Yadamaranahalli B.O,562117,Bangalore HQ,,Kanakapura,Ramanagar,,NA,NA
Yadavanahalli B.O,562107,Bangalore HQ,,Anekal,Bangalore,,NA,NA
Yelekyathanahalli B.O,562111,Bangalore HQ,,Nelamangala,Bangalore Rural,,NA,NA
Yeletotadahalli B.O,562138,Bangalore HQ,,Channapatna,Ramanagar,,NA,NA
Yeliyur B.O,562110,Bangalore HQ,,Devanhalli,Bangalore Rural,,NA,NA
Yennegere B.O,562127,Bangalore HQ,,Magadi,Bangalore Rural,,NA,NA
Yentiganahalli B.O,562123,Bangalore HQ,,Nelamangala,Bangalore Rural,,NA,NA
Yerehalli B.O,562159,Bangalore HQ,,Ramanagara,Ramanagar,,NA,NA
